{"cameraMode":{"drawMode":0,"name":"Shaded","section":"Shading Mode"},"sceneLighting":true,"audioPlay":false,"sceneViewState":{"showFog":true,"showMaterialUpdate":false,"showSkybox":true,"showFlares":true,"showImageEffects":true,"showParticleSystems":true},"in2DMode":false,"pivot":{"x":-234.16860961914063,"y":-120.99630737304688,"z":142.6171112060547},"rotation":{"x":-0.18199563026428224,"y":0.49921321868896487,"z":-0.10813592374324799,"w":-0.8402361273765564},"size":161.19940185546876,"orthographic":false}